{"v":"5.8.0","fr":60,"ip":0,"op":121,"w":500,"h":500,"nm":"Comp 1","ddd":0,"assets":[],"layers":[{"ddd":0,"ind":1,"ty":3,"nm":"Null 1","sr":1,"ks":{"o":{"a":0,"k":0,"ix":11},"r":{"a":0,"k":0,"ix":10},"p":{"a":1,"k":[{"i":{"x":0.667,"y":1},"o":{"x":0.333,"y":0},"t":0,"s":[250,245,0],"to":null,"ti":null},{"i":{"x":0.667,"y":1},"o":{"x":0.333,"y":0},"t":60,"s":[250,255,0],"to":null,"ti":null},{"t":120,"s":[250,245,0]}],"ix":2,"l":2},"a":{"a":0,"k":[0,0,0],"ix":1,"l":2},"s":{"a":0,"k":[100,100,100],"ix":6,"l":2}},"ao":0,"ip":0,"op":121,"st":0,"bm":0,"completed":true},{"ddd":0,"ind":2,"ty":4,"nm":"face","parent":1,"sr":1,"ks":{"o":{"a":0,"k":50,"ix":11},"r":{"a":0,"k":0,"ix":10},"p":{"a":1,"k":[{"i":{"x":0.667,"y":1},"o":{"x":0.748,"y":0},"t":30,"s":[0,0,0],"to":null,"ti":null},{"i":{"x":0.352,"y":1},"o":{"x":0.178,"y":0},"t":45,"s":[8,0,0],"to":null,"ti":null},{"i":{"x":0.491,"y":1},"o":{"x":0.077,"y":0},"t":60,"s":[-8,0,0],"to":null,"ti":null},{"i":{"x":0.491,"y":1},"o":{"x":0.333,"y":0},"t":73,"s":[3,0,0],"to":null,"ti":null},{"t":84,"s":[0,0,0]}],"ix":2,"l":2},"a":{"a":0,"k":[250,250,0],"ix":1,"l":2},"s":{"a":0,"k":[100,100,100],"ix":6,"l":2}},"ao":0,"shapes":[{"ty":"gr","it":[{"ty":"gr","it":[{"ind":0,"ty":"sh","ix":1,"ks":{"a":0,"k":{"i":[[-29.748,9.847],[-33.61,9.173],[-35.608000000000004,2.839],[-11.633,-9.847],[23.723,-6.4079999999999995],[36.093,4.497],[30.237000000000002,9.395],[10.568,-0.396],[-19.552,2.833000000000001]],"o":[[-32.172,9.847],[-36.073,5.795],[-23.490000000000002,-5.991999999999999],[12.458,-9.847],[35.523999999999994,1.559],[33.175000000000004,8.823],[20.002000000000002,2.484],[-9.62,-0.396],[-28.774,9.553]],"v":[[-30.712,9.847],[-34.536,7.904],[-33.499,1.302],[0.788,-9.847],[33.361,0.099],[34.633,6.66],[28.073,7.932],[0.788,-0.396],[-27.934,8.941]],"c":true},"ix":2},"nm":"Path 1","mn":"ADBE Vector Shape - Group","hd":false,"_render":true},{"ty":"fl","c":{"a":0,"k":[0,0,0,1],"ix":4},"o":{"a":0,"k":100,"ix":5},"r":1,"bm":0,"nm":"Fill 1","mn":"ADBE Vector Graphic - Fill","hd":false,"_render":true},{"ty":"tr","p":{"a":0,"k":[0,0],"ix":2},"a":{"a":0,"k":[0,0],"ix":1},"s":{"a":0,"k":[100,100],"ix":3},"r":{"a":0,"k":0,"ix":6},"o":{"a":0,"k":100,"ix":7},"sk":{"a":0,"k":0,"ix":4},"sa":{"a":0,"k":0,"ix":5},"nm":"Transform","_render":true}],"nm":"Group 1","np":2,"cix":2,"bm":0,"ix":1,"mn":"ADBE Vector Group","hd":false,"_render":true},{"ty":"tr","p":{"a":0,"k":[250,273.902],"ix":2},"a":{"a":0,"k":[0,0],"ix":1},"s":{"a":0,"k":[100,100],"ix":3},"r":{"a":0,"k":0,"ix":6},"o":{"a":0,"k":100,"ix":7},"sk":{"a":0,"k":0,"ix":4},"sa":{"a":0,"k":0,"ix":5},"nm":"Transform","_render":true}],"nm":"Group 1","np":1,"cix":2,"bm":0,"ix":1,"mn":"ADBE Vector Group","hd":false,"_render":true},{"ty":"gr","it":[{"ty":"gr","it":[{"ind":0,"ty":"sh","ix":1,"ks":{"a":0,"k":{"i":[[9.451,-5.22],[5.22,9.451],[-9.451,5.22],[-5.22,-9.451]],"o":[[9.451,5.22],[-5.22,9.451],[-9.451,-5.22],[5.22,-9.451]],"v":[[9.451,0],[0,9.451],[-9.451,0],[0,-9.451]],"c":true},"ix":2},"nm":"Path 1","mn":"ADBE Vector Shape - Group","hd":false,"_render":true},{"ty":"fl","c":{"a":0,"k":[0,0,0,1],"ix":4},"o":{"a":0,"k":100,"ix":5},"r":1,"bm":0,"nm":"Fill 1","mn":"ADBE Vector Graphic - Fill","hd":false,"_render":true},{"ty":"tr","p":{"a":0,"k":[212.197,225.702],"ix":2},"a":{"a":0,"k":[0,0],"ix":1},"s":{"a":0,"k":[100,100],"ix":3},"r":{"a":0,"k":0,"ix":6},"o":{"a":0,"k":100,"ix":7},"sk":{"a":0,"k":0,"ix":4},"sa":{"a":0,"k":0,"ix":5},"nm":"Transform","_render":true}],"nm":"Group 1","np":2,"cix":2,"bm":0,"ix":1,"mn":"ADBE Vector Group","hd":false,"_render":true},{"ty":"gr","it":[{"ind":0,"ty":"sh","ix":1,"ks":{"a":0,"k":{"i":[[9.451,-5.22],[5.22,9.451],[-9.451,5.22],[-5.22,-9.451]],"o":[[9.451,5.22],[-5.22,9.451],[-9.451,-5.22],[5.22,-9.451]],"v":[[9.451,0],[0,9.451],[-9.451,0],[0,-9.451]],"c":true},"ix":2},"nm":"Path 1","mn":"ADBE Vector Shape - Group","hd":false,"_render":true},{"ty":"fl","c":{"a":0,"k":[0,0,0,1],"ix":4},"o":{"a":0,"k":100,"ix":5},"r":1,"bm":0,"nm":"Fill 1","mn":"ADBE Vector Graphic - Fill","hd":false,"_render":true},{"ty":"tr","p":{"a":0,"k":[287.803,225.702],"ix":2},"a":{"a":0,"k":[0,0],"ix":1},"s":{"a":0,"k":[100,100],"ix":3},"r":{"a":0,"k":0,"ix":6},"o":{"a":0,"k":100,"ix":7},"sk":{"a":0,"k":0,"ix":4},"sa":{"a":0,"k":0,"ix":5},"nm":"Transform","_render":true}],"nm":"Group 2","np":2,"cix":2,"bm":0,"ix":2,"mn":"ADBE Vector Group","hd":false,"_render":true},{"ty":"tr","p":{"a":0,"k":[287.803,225.702],"ix":2},"a":{"a":0,"k":[287.803,225.702],"ix":1},"s":{"a":0,"k":[100,100],"ix":3},"r":{"a":0,"k":0,"ix":6},"o":{"a":0,"k":100,"ix":7},"sk":{"a":0,"k":0,"ix":4},"sa":{"a":0,"k":0,"ix":5},"nm":"Transform","_render":true}],"nm":"Group 2","np":2,"cix":2,"bm":0,"ix":2,"mn":"ADBE Vector Group","hd":false,"_render":true}],"ip":0,"op":121,"st":0,"bm":0,"completed":true},{"ddd":0,"ind":3,"ty":4,"nm":"magnification glass","parent":1,"sr":1,"ks":{"o":{"a":0,"k":50,"ix":11},"r":{"a":0,"k":0,"ix":10},"p":{"a":0,"k":[27,24,0],"ix":2,"l":2},"a":{"a":0,"k":[0,0,0],"ix":1,"l":2},"s":{"a":0,"k":[100,100,100],"ix":6,"l":2}},"ao":0,"shapes":[{"ty":"gr","it":[{"ind":0,"ty":"sh","ix":1,"ks":{"a":0,"k":{"i":[[54.119,19.52],[38.288999999999994,37.19],[-1.6110000000000007,65.25],[-116.251,25.1],[-76.101,-113.75],[62.749,-73.6]],"o":[[39.129,36.29],[21.148999999999997,54.83],[-76.101,65.25],[-116.251,-73.6],[22.599,-113.75],[62.749,-1.370000000000001]],"v":[[39.949,35.36],[37.419,38.08],[-26.751,65.25],[-116.251,-24.25],[-26.751,-113.75],[62.749,-24.25]],"c":true},"ix":2},"nm":"Path 1","mn":"ADBE Vector Shape - Group","hd":false,"_render":true},{"ind":1,"ty":"sh","ix":2,"ks":{"a":0,"k":{"i":[[138.27900000000002,120.92999999999999],[60.639,43.3],[83.749,1.1600000000000001],[34.179,-134.75],[-137.251,-85.18],[-87.681,86.25],[26.788999999999998,75.81],[119.329,131.67],[124.059,134.75],[132.119,133.72]],"o":[[134.169,116.83],[75.119,24.609999999999996],[83.749,-85.18],[-87.681,-134.75],[-137.251,36.68],[1.2089999999999996,86.25],[46.269,58.61],[121.37899999999999,133.72],[129.439,134.75],[138.27900000000002,127.57]],"v":[[134.169,116.83],[60.639,43.3],[83.749,-24.25],[-26.751,-134.75],[-137.251,-24.25],[-26.751,86.25],[46.269,58.61],[119.329,131.67],[126.749,134.75],[134.169,131.67]],"c":true},"ix":2},"nm":"Path 2","mn":"ADBE Vector Shape - Group","hd":false,"_render":true},{"ty":"fl","c":{"a":0,"k":[0,0,0,1],"ix":4},"o":{"a":0,"k":100,"ix":5},"r":1,"bm":0,"nm":"Fill 1","mn":"ADBE Vector Graphic - Fill","hd":false,"_render":true},{"ty":"tr","p":{"a":0,"k":[0,0],"ix":2},"a":{"a":0,"k":[0,0],"ix":1},"s":{"a":0,"k":[100,100],"ix":3},"r":{"a":0,"k":0,"ix":6},"o":{"a":0,"k":100,"ix":7},"sk":{"a":0,"k":0,"ix":4},"sa":{"a":0,"k":0,"ix":5},"nm":"Transform","_render":true}],"nm":"Group 1","np":3,"cix":2,"bm":0,"ix":1,"mn":"ADBE Vector Group","hd":false,"_render":true}],"ip":0,"op":121,"st":0,"bm":0,"completed":true}],"markers":[],"__complete":true}